Model,Average MAE,Average RMSE,Average R2
CNN baseline,0.20907887816429138,0.23489162652249543,0.31449776887893677
Data-only neural baseline,0.11444867153962453,0.18522749940221414,0.5236628850301107
LSTM baseline,0.13911060492197672,0.16224567489473543,0.6460643410682678
Proposed DeepXDE Physics-Informed RUL Model,0.1745141347249349,0.22293957942583778,0.28630361954371136
