Model,Average MAE,Average RMSE,Average R2
CNN baseline,0.20907887816429135,0.2348916265224954,0.3144977688789367
Data-only neural baseline,0.11444867153962453,0.18522749940221409,0.5236628850301107
LSTM baseline,0.13911060492197672,0.1622456748947354,0.6460643410682678
Proposed DeepXDE Physics-Informed RUL Model,0.17451413472493485,0.22293957942583775,0.28630361954371136
