parent_seed,model,threshold,calibration_feasible,calibration_macro_run_rmse,calibration_data_only_macro_run_rmse,calibration_mean_control_regret,calibration_mean_positive_control_regret,calibration_harm_rate,calibration_maximum_control_regret,calibration_coverage,opened_test_macro_run_rmse,opened_test_data_only_macro_run_rmse,opened_test_mean_control_regret,opened_test_mean_positive_control_regret,opened_test_harm_rate,opened_test_maximum_control_regret,opened_test_coverage
42,logistic_safe,0.27782546449757967,True,0.1780608141684114,0.18591418149638983,-0.007853367327978424,0.0034796769590214258,0.0625,0.03560506871054783,0.2901818181818182,0.1613615055521645,0.16749343358190688,-0.006131928029742418,0.0004745024178166484,0.0,0.0030537939429857858,0.3025936599423631
1042,logistic_safe,0.22698060431113995,True,0.18160727342048066,0.18275024103765442,-0.0011429676171737582,0.0014634755289844982,0.0625,0.012159362490598763,0.07054545454545455,0.16918314275138668,0.16914631880713188,3.6823944254806354e-05,0.0006989803935013202,0.0,0.003195929901037231,0.07108549471661864
2042,logistic_safe,0.22916681028386782,True,0.174045812899,0.1783602532175358,-0.004314440318535798,0.0015493073118921273,0.0625,0.011786870700408361,0.14036363636363636,0.15745926502547536,0.16331410894422088,-0.0058548439187455555,0.000812845302130976,0.0,0.00973608066190472,0.3381364073006724
3042,logistic_safe,0.3370446969849969,True,0.17871262408290498,0.18180578962258626,-0.0030931655396812504,0.0028452273188104083,0.0625,0.025878212134147788,0.3003636363636364,0.1715489287447688,0.1738668289755884,-0.0023179002308195925,0.0022083725067809676,0.125,0.012615338668598652,0.5072046109510087
4042,logistic_safe,0.3441198380890004,True,0.1886849429288207,0.19126182509154585,-0.002576882162725159,0.0018026072619487426,0.0625,0.013963058501324427,0.6,0.18684435411212424,0.1904432204907172,-0.0035988663785929704,0.001936989626432059,0.0,0.009431638753129551,0.5667627281460135
