parent_seed,units,harmful_fraction,mean_regret,mean_positive_regret,maximum_regret
42,192,0.46875,0.010408177376219298,0.022092192749989154,0.1222849596179147
1042,192,0.4479166666666667,0.007893212146895852,0.019732591680630834,0.1316286238930412
2042,192,0.4791666666666667,0.009931439414894215,0.02341123307745772,0.140352497798374
3042,192,0.4583333333333333,0.009286992031041488,0.020574717996460934,0.1328231733405931
4042,192,0.390625,0.004653058468187004,0.012930801313277507,0.0593886265190985
