condition_id,units,harmful_fraction,mean_regret,mean_positive_regret,maximum_regret
test_l4400_ls110_s47_n8,240,0.5041666666666667,0.008673761459171552,0.02342024620066841,0.140352497798374
test_l5200_ls150_s53_n12,240,0.42083333333333334,0.010224079698715438,0.020771065525080963,0.1197827093179894
test_l5600_ls110_s47_n13,240,0.37083333333333335,0.007327871543638651,0.017408274584586134,0.1197388680148909
test_l6000_ls190_s59_n7,240,0.5,0.0075125908482646464,0.017393643143917406,0.0987449787790238
