lifecycle_region,trajectory_seed_regions,mean_regret,mean_positive_regret,harmful_fraction,maximum_regret,mean_intervention_coverage
early,80,0.013987275966344234,0.01846901053255108,0.475,0.10778579894758225,1.0
middle,80,-0.020486438616806858,0.0038866718842640625,0.1,0.09195069976633556,1.0
late,80,-0.01661940156447651,0.006001695822656082,0.2125,0.05651893093515717,1.0
