time_scale_factor,units,harmful_fraction,mean_regret,mean_positive_regret,maximum_regret
0.5999999999999999,320,0.41875,0.002554281709003201,0.01655888656097421,0.1064793585908648
1.0,320,0.365625,0.0007407082111468902,0.009961630001086488,0.0567773877735306
1.6,320,0.5625,0.02200873774219262,0.03272440552862899,0.140352497798374
