true_family,units,harmful_fraction,mean_regret,mean_positive_regret,maximum_regret
gamma,240,0.625,0.021497826668436745,0.026018828233980957,0.126396189351969
linear_increasing,240,0.4166666666666667,-0.0014883807822984453,0.016319749693207444,0.1064793585908648
progressively_increasing,240,0.4083333333333333,0.011983165902091244,0.021223946927117952,0.140352497798374
step_like,240,0.3458333333333333,0.0017456917615607426,0.015430704599946563,0.1071944725936448
